iter	Accuracy	MultiClass
0	0.2304375	4.301753418
1	0.247625	4.001675293
2	0.264625	3.801291992
3	0.2741875	3.653255859
4	0.28375	3.51933374
5	0.2931875	3.411529785
6	0.2999375	3.312874023
7	0.306875	3.233660156
8	0.3155	3.155234619
9	0.3204375	3.090763672
10	0.3274375	3.024798096
11	0.3330625	2.94211499
12	0.3375	2.890189209
13	0.3425625	2.840994141
14	0.349875	2.790306885
15	0.3545625	2.749595215
